ID,value
ID1,0.06
ID2,0.4
ID3,0.63
ID4,0.24
ID5,0.4
ID6,0.4
ID7,0.07
ID8,0.81
ID9,1.36
ID10,1.44
ID11,0.07
ID12,0.004
ID13,0.341
ID14,1.8
ID15,0.01
ID16,0.5971
ID17,0.11
ID18,0.4
ID19,0.538666667
ID20,0.445
ID21,0.25
ID22,0.29
ID23,0.445
ID24,0.46
ID25,1.14
ID26,1.5
ID27,1.7
ID28,0.62
ID29,0.234495
ID30,0.59635
ID31,0.412
ID32,1
ID33,0.332
ID34,0.597
ID35,1
ID36,1.19
ID37,0.006
ID38,0.055
ID39,240.9333333
ID40,30
ID41,360
ID42,10
ID43,10
ID44,190
ID45,1.7
ID46,65
ID47,610
ID48,3
ID49,10
ID50,2500
ID51,691
ID52,560
ID53,527
ID54,37
ID55,672
ID56,10
ID57,523
ID58,62.7
ID59,847
ID60,11
ID61,3
ID62,487.1428571
ID63,900
ID64,213
ID65,10
ID66,10
ID67,3
ID68,360
ID69,15.3
ID70,10
ID71,10
ID72,10
ID73,19.9
ID74,1.5
ID75,2500
ID76,165.96
ID77,6320
ID78,3
ID79,1100
ID80,219
ID81,264
ID82,993.3333333
ID83,1800
ID84,35.875
ID85,66667285.33
ID86,521
ID87,47.5
ID88,280
ID89,580
ID90,600
ID91,580
ID92,25
ID93,111.3333333
ID94,5
ID95,4
ID96,630
ID97,1800
ID98,76
ID99,95.5
ID100,10
ID101,3
ID102,10
ID103,4.27
ID104,19
ID105,10
ID106,10
ID107,242
ID108,10
ID109,920
ID110,9
ID111,800
ID112,2123
ID113,13
ID114,340
ID115,80
ID116,80
ID117,79.75
ID118,66
ID119,74
ID120,14
ID121,18.15
ID122,6
ID123,16.5
ID124,10
ID125,104.71
ID126,750.5
ID127,111
ID128,6.29
ID129,34
ID130,10
ID131,200000000
ID132,10
ID133,10
ID134,1.97
ID135,1.31
ID136,788
ID137,22
ID138,3800
ID139,12.1
ID140,98
ID141,9
ID142,21
ID143,360
ID144,44
ID145,64.3
ID146,10.7875
ID147,6
ID148,200000000
ID149,3
ID150,510
ID151,113.05
ID152,891.8333333
ID153,107
ID154,99.9
ID155,25.2
ID156,2000
ID157,200000000
ID158,4.088888889
ID159,143
ID160,600
ID161,45
ID162,2
ID163,200000000
ID164,75
ID165,135
ID166,100
ID167,2700
ID168,62
ID169,1.36
ID170,10000
ID171,730
ID172,10
ID173,10000
ID174,728
ID175,17
ID176,2500
ID177,40000010.4
ID178,552.5
ID179,429.6666667
ID180,1000
ID181,155
ID182,100000125
ID183,82.1
ID184,100000125
ID185,1200
ID186,180
ID187,380
ID188,691
ID189,463.715
ID190,595.75
ID191,10
ID192,1.2
ID193,200
ID194,6
ID195,1000
ID196,10
ID197,1000
ID198,2
ID199,1.73
ID200,2
ID201,26
ID202,690
ID203,4.05
ID204,4.075
ID205,3
ID206,25
ID207,11
ID208,12.075
ID209,1.45
ID210,10.77
ID211,0.4
ID212,37
ID213,28571504.71
ID214,47.5
ID215,77
ID216,1.9
ID217,3700
ID218,14.175
ID219,82
ID220,160
ID221,4.65
ID222,2
ID223,52.9
ID224,520
ID225,265.215
ID226,10
ID227,0.9125
ID228,10
ID229,1.33
ID230,200000000
ID231,12
ID232,335
ID233,7.36
ID234,10
ID235,315
ID236,123.3333333
ID237,14
ID238,14
ID239,5
ID240,7
ID241,2
ID242,12
ID243,1.8
ID244,920
ID245,100000001.5
ID246,7
ID247,10
ID248,10
ID249,9
ID250,0.42
ID251,10
ID252,475
ID253,200000000
ID254,1000
ID255,6
ID256,100000003
ID257,10.1
ID258,3.666666667
ID259,18
ID260,23.33333333
ID261,10
ID262,25
ID263,3
ID264,2000
ID265,0.95
ID266,9
ID267,29.4
ID268,45.6
ID269,240
ID270,10
ID271,9200
ID272,22
ID273,11.28
ID274,5400
ID275,3.45
ID276,364.75
ID277,46
ID278,117
ID279,436
ID280,94.25
ID281,7200
ID282,1000
ID283,10
ID284,200000000
ID285,0.74
ID286,1.3
ID287,3100
ID288,1080.2
ID289,122
ID290,0.4
ID291,0.4
ID292,122
ID293,1266.666667
ID294,200000000
ID295,43.4
ID296,430
ID297,5400
ID298,66
ID299,2
ID300,1.9
ID301,6
ID302,352
ID303,2500
ID304,580
ID305,1.62
ID306,60.8
ID307,50.5
ID308,190
ID309,1400
ID310,29
ID311,293
ID312,405
ID313,37
ID314,133.5566667
ID315,424
ID316,123.4
ID317,2.104545455
ID318,90
ID319,17.01857143
ID320,23
ID321,0.86
ID322,691
ID323,277.25
ID324,4.223333333
ID325,123.4
ID326,200000000
ID327,4455
ID328,1174.8
ID329,10
ID330,19.98333333
ID331,470
ID332,34
ID333,238.1666667
ID334,10
ID335,3800
ID336,200000000
ID337,5700
ID338,168
ID339,5
ID340,464
ID341,2633.333333
ID342,4
ID343,2
ID344,71
ID345,376.1
ID346,221.6
ID347,736
ID348,30
ID349,956
ID350,240
ID351,400
ID352,140
ID353,2505.5
ID354,1.6
ID355,30
ID356,3
ID357,135.8
ID358,27.3
ID359,160
ID360,2500
ID361,200000000
ID362,276
ID363,8
ID364,6300
ID365,21
ID366,800
ID367,84
ID368,100
ID369,100
ID370,50
ID371,953
ID372,1153
ID373,2500
ID374,3200
ID375,200000000
ID376,22
ID377,42.8
ID378,34
ID379,1000
ID380,200000000
ID381,465
ID382,26
ID383,200000000
ID384,1265.333333
ID385,60
ID386,745
ID387,102.2
ID388,1000.5
ID389,1000
ID390,1001
ID391,1570
ID392,26
ID393,153
ID394,34
ID395,470
ID396,720
ID397,40000011.42
ID398,2
ID399,11
ID400,111.2666667
ID401,2
ID402,4.066666667
ID403,10
ID404,71
ID405,8
ID406,3
ID407,10
ID408,1.2
ID409,72
ID410,5.8
ID411,104
ID412,10
ID413,139
ID414,930
ID415,1001
ID416,44
ID417,3.08
ID418,1200
ID419,46
ID420,10
ID421,532.4566667
ID422,10
ID423,10
ID424,2
ID425,10
ID426,10
ID427,11.6
ID428,19
ID429,19
ID430,10
ID431,498
ID432,10
ID433,70
ID434,10
ID435,10
ID436,10
ID437,10
ID438,10
ID439,10
ID440,2.933333333
ID441,42
ID442,43
ID443,33
ID444,0.21
ID445,100
ID446,34
ID447,270
ID448,84.06
ID449,46
ID450,10
ID451,10
ID452,130
ID453,141
ID454,432.2
ID455,230.5
ID456,7
ID457,18181822.73
ID458,64
ID459,690
ID460,206
ID461,10
ID462,10
ID463,300
ID464,3
ID465,570
ID466,630
ID467,5.7
ID468,6
ID469,830
ID470,6
ID471,101.25
ID472,10
ID473,10
ID474,10
ID475,2.8375
ID476,31
ID477,1.4025
ID478,10
ID479,5.3
ID480,5.5
ID481,0.595
ID482,3
ID483,10
ID484,10
ID485,10
ID486,0.23
ID487,10
ID488,10
ID489,678.0666667
ID490,549
ID491,301
ID492,3.72
ID493,300
ID494,2
ID495,4.986666667
ID496,20000005.15
ID497,3
ID498,5.728571429
ID499,2.5
ID500,4.7
ID501,10
ID502,177
ID503,42
ID504,61
ID505,10
ID506,6
ID507,7.15
ID508,10
ID509,31
ID510,330
ID511,11
ID512,46.09333333
ID513,534.25
ID514,26
ID515,50
ID516,177.2333333
ID517,1000.5
ID518,45
ID519,90
ID520,3200
ID521,300.45
ID522,0.7
ID523,849
ID524,132.6
ID525,39
ID526,8.24
ID527,2
ID528,77.03333333
ID529,50.2
ID530,2500
ID531,30
ID532,470.5
ID533,13
ID534,22
ID535,24.025
ID536,380
ID537,26.06666667
ID538,20.3
ID539,37
ID540,200000000
ID541,30
ID542,1000
ID543,1001
ID544,30
ID545,20
ID546,4.9
ID547,1000
ID548,840.6666667
ID549,200000000
ID550,9.033333333
ID551,102.8
ID552,5.581666667
ID553,43
ID554,5
ID555,7.1575
ID556,44
ID557,79
ID558,310
ID559,13
ID560,621
ID561,70
ID562,790.8
ID563,724.6666667
ID564,3.25
ID565,3
ID566,65
ID567,10
ID568,635
ID569,208.8
ID570,10
ID571,10
ID572,1000
ID573,800
ID574,10
ID575,10
ID576,1000
ID577,86
ID578,10
ID579,100.1
ID580,10
ID581,349
ID582,17
ID583,8800
ID584,4.23
ID585,10
ID586,145
ID587,0.72
ID588,4.11
ID589,10
ID590,75
ID591,210
ID592,5.5
ID593,1.9
ID594,3.166666667
ID595,2.94
ID596,40000342.8
ID597,1.8
ID598,10
ID599,2.1
ID600,9
ID601,18.3
ID602,10.3
ID603,10
ID604,17.16666667
ID605,0.47
ID606,0.813333333
ID607,10
ID608,6.205
ID609,10
ID610,10
ID611,10
ID612,10
ID613,10
ID614,83
ID615,2
ID616,188
ID617,10
ID618,1.8
ID619,9
ID620,5.5
ID621,9.55
ID622,2695.5
ID623,10
ID624,11
ID625,5.44
ID626,79.6
ID627,5.095
ID628,35.7
ID629,1000
ID630,9.2
ID631,57
ID632,1001
ID633,10
ID634,100000140
ID635,105.3
ID636,29.8
ID637,312
ID638,25
ID639,63
ID640,50000225
ID641,1000
ID642,81
ID643,8.295
ID644,5
ID645,128.98
ID646,560
ID647,670
ID648,717.5714286
ID649,40000007.2
ID650,1000
ID651,1000
ID652,46
ID653,200000000
ID654,24.4
ID655,200000000
ID656,10
ID657,10
ID658,26.5
ID659,1.89
ID660,10
ID661,10
ID662,100
ID663,8
ID664,500
ID665,10
ID666,10
ID667,10
ID668,2
ID669,0.38
ID670,2
ID671,10
ID672,1.398181818
ID673,200000000
ID674,200000000
ID675,10
ID676,10
ID677,10
ID678,10
ID679,0.23
ID680,7.5
ID681,7
ID682,0.19
ID683,1.7
ID684,315
ID685,200000000
ID686,10
ID687,9
ID688,10
ID689,10
ID690,1000
ID691,330
ID692,1500
ID693,10
ID694,4
ID695,14
ID696,12
ID697,9.5
ID698,43
ID699,14
ID700,1980
ID701,1.8
ID702,170
ID703,132
ID704,100000090.5
ID705,5
ID706,27.9
ID707,18.725
ID708,33
ID709,10
ID710,7.15
ID711,4
ID712,10
ID713,200000000
ID714,10
ID715,10
ID716,152
ID717,13.5
ID718,75.465
ID719,0.01
ID720,0.01
ID721,10
ID722,15.9
ID723,29.80666667
ID724,0.01
ID725,4800
ID726,10
ID727,0.03
ID728,22
ID729,300
ID730,8
ID731,10
ID732,47.5
ID733,10
ID734,375
ID735,25
ID736,7
ID737,12.414
ID738,1.58
ID739,3.07
ID740,1.03
ID741,523
ID742,66.2
ID743,946.8428571
ID744,222.6666667
ID745,135.5
ID746,11.5
ID747,75.32
ID748,200000000
ID749,10
ID750,0.6
ID751,2.025
ID752,3.045
ID753,40000007.4
ID754,193.2
ID755,33333768.33
ID756,9.12
ID757,1000
ID758,32
ID759,100000027.5
ID760,46
ID761,12000
ID762,13.21
ID763,15
ID764,523
ID765,560
ID766,173
ID767,315.01
ID768,810
ID769,88
ID770,420
ID771,51
ID772,66666676.67
ID773,60
ID774,40.5
ID775,2300
ID776,19
ID777,290.1666667
ID778,37
ID779,1100
ID780,4.9
ID781,0.21
ID782,691
ID783,21
ID784,32.6
ID785,382
ID786,382
ID787,100
ID788,24.33333333
ID789,18
ID790,87
ID791,100
ID792,45
ID793,18
ID794,100
ID795,100
ID796,4.45
ID797,691
ID798,10
ID799,410
ID800,144
ID801,1000
ID802,17000
ID803,13
ID804,95
ID805,691
ID806,26
ID807,2500
ID808,2500
ID809,30
ID810,388.5
ID811,9.41
ID812,709
ID813,103
ID814,337
ID815,4
ID816,4.057142857
ID817,430
ID818,36
ID819,33
ID820,4
ID821,1000.5
ID822,22
ID823,1000.333333
ID824,1000
ID825,109.8833333
ID826,442.5
ID827,891.6666667
ID828,396.1666667
ID829,351.1666667
ID830,3
ID831,400.5
ID832,110
ID833,4
ID834,37.5
ID835,142
ID836,110
ID837,2
ID838,73
ID839,2.175
ID840,222
ID841,68
ID842,129
ID843,16
ID844,100
ID845,100
ID846,100
ID847,0.39
ID848,12.66666667
ID849,100
ID850,1.806666667
ID851,38
ID852,7
ID853,3.4
ID854,38
ID855,100
ID856,100
ID857,1.503333333
ID858,33
ID859,221.0683333
ID860,19
ID861,110
ID862,2500
ID863,200000000
ID864,170
ID865,2400
ID866,200000000
ID867,17
ID868,5
ID869,220
ID870,2.08
ID871,1000
ID872,1001
ID873,1000
ID874,7400
ID875,10
ID876,75
ID877,885
ID878,10
ID879,10
ID880,30
ID881,148
ID882,342.1333333
ID883,4
ID884,1000
ID885,65.8
ID886,860
ID887,3.12
ID888,610
ID889,4
ID890,750
ID891,41
ID892,4.27
ID893,700
ID894,19.26
ID895,73
ID896,474.36
ID897,660
ID898,22
ID899,160
ID900,460
ID901,6.2
ID902,10
ID903,197
ID904,32
ID905,100000500
ID906,192.6666667
ID907,330.2
ID908,61
ID909,330
ID910,116
ID911,28
ID912,746
ID913,354
ID914,502.3333333
ID915,34
ID916,34
ID917,34
ID918,83.64
ID919,36.7
ID920,1863
ID921,40
ID922,13
ID923,166
ID924,382
ID925,22
ID926,300
ID927,56.5
ID928,267
ID929,61.5
ID930,20
ID931,205
ID932,14
ID933,40.875
ID934,235
ID935,0.71
ID936,54
ID937,8
ID938,7
ID939,10
ID940,430
ID941,130.2
ID942,1.4
ID943,395
ID944,8500
ID945,650
ID946,280
ID947,560
ID948,10
ID949,200000000
ID950,74
ID951,1.4
ID952,1.7
ID953,330
ID954,39
ID955,41
ID956,220
ID957,63
ID958,850
ID959,354
ID960,710
ID961,64.585
ID962,10
ID963,10
ID964,1000
ID965,1001
ID966,4
ID967,2500
ID968,2500
ID969,1000
ID970,895.5
ID971,2193.5
ID972,82
ID973,76.15
ID974,66
ID975,63.4
ID976,380
ID977,18
ID978,833
ID979,9900
ID980,316
ID981,1000
ID982,50
ID983,400
ID984,2
ID985,400
ID986,2
ID987,70
ID988,207.1333333
ID989,290
ID990,200
ID991,749
ID992,749
ID993,200000000
ID994,64
ID995,18
ID996,10
ID997,10
ID998,3.03
ID999,15
ID1000,22.4
ID1001,672.2333333
ID1002,218.3333333
ID1003,2
ID1004,6
ID1005,15
ID1006,38
ID1007,2
ID1008,1.43
ID1009,13
ID1010,2
ID1011,821.4433333
ID1012,1682
ID1013,6
ID1014,3
ID1015,100
ID1016,41.14285714
ID1017,362.5
ID1018,260
ID1019,2
ID1020,31
ID1021,16
ID1022,2
ID1023,7.333333333
ID1024,10
ID1025,10
ID1026,10
ID1027,29
ID1028,10
ID1029,10
ID1030,128
ID1031,200000000
ID1032,175
ID1033,10
ID1034,10
ID1035,42.1
ID1036,22.1
ID1037,1029
ID1038,0.46
ID1039,1100
ID1040,327
ID1041,327
ID1042,30
ID1043,382
ID1044,5.4
ID1045,200000000
ID1046,10
ID1047,4
ID1048,18
ID1049,200
ID1050,10
ID1051,1000
ID1052,1001
ID1053,10
ID1054,10
ID1055,86.55
ID1056,1000
ID1057,1000
ID1058,10
ID1059,9.333333333
ID1060,40000488.6
ID1061,5
ID1062,13
ID1063,141
ID1064,36.46666667
ID1065,10
ID1066,10
ID1067,10
ID1068,10
ID1069,1029
ID1070,10
ID1071,10
ID1072,10
ID1073,1045
ID1074,10
ID1075,28.125
ID1076,10
ID1077,10
ID1078,10
ID1079,3
ID1080,200000000
ID1081,946
ID1082,137
ID1083,700
ID1084,1.97875
ID1085,268.3333333
ID1086,523
ID1087,31
ID1088,5300
ID1089,36
ID1090,420
ID1091,38
ID1092,29
ID1093,17.5
ID1094,532.5
ID1095,336
ID1096,93
ID1097,22222230.22
ID1098,1000
ID1099,290
ID1100,249
ID1101,1300
ID1102,285.52
ID1103,10
ID1104,1.3
ID1105,563
ID1106,50000406
ID1107,700
ID1108,5.75
ID1109,109
ID1110,10
ID1111,10
ID1112,2.025
ID1113,10
ID1114,2018
ID1115,10
ID1116,10
ID1117,10
ID1118,33333353.35
ID1119,57
ID1120,12.2
ID1121,0.15
ID1122,10
ID1123,82
ID1124,52
ID1125,5.166666667
ID1126,1.14
ID1127,258
ID1128,79
ID1129,81
ID1130,284
ID1131,1500
ID1132,22
ID1133,22
ID1134,0.36
ID1135,6.005
ID1136,5
ID1137,10000005.92
ID1138,9.05
ID1139,110
ID1140,30
ID1141,9
ID1142,16.56363636
ID1143,6.5
ID1144,10
ID1145,10
ID1146,3
ID1147,166
ID1148,220
ID1149,500
ID1150,6.2
ID1151,5.8
ID1152,66666851.33
ID1153,5900
ID1154,5
ID1155,110
ID1156,35
ID1157,4.8
ID1158,47
ID1159,96.88
ID1160,400
ID1161,66666731.07
ID1162,880
ID1163,217
ID1164,23.8
ID1165,200000000
ID1166,10
ID1167,155.7866667
ID1168,21
ID1169,632
ID1170,500.5
ID1171,25.23333333
ID1172,38.3
ID1173,16.22
ID1174,500
ID1175,90.4
ID1176,86.9
ID1177,56.3
ID1178,59.9
ID1179,460
ID1180,4.35
ID1181,12.25
ID1182,7.266666667
ID1183,184
ID1184,1381.666667
ID1185,17
ID1186,253
ID1187,260
ID1188,1001
ID1189,16
ID1190,3
ID1191,409
ID1192,733.15
ID1193,209.635
ID1194,5
ID1195,10
ID1196,153.5
ID1197,610
ID1198,200000000
ID1199,22
ID1200,13
ID1201,38
ID1202,17
ID1203,43
ID1204,64
ID1205,102.0166667
ID1206,14
ID1207,27
ID1208,171.96
ID1209,500.3333333
ID1210,16
ID1211,86
ID1212,51
ID1213,125
ID1214,21
ID1215,776.6666667
ID1216,132.5
ID1217,1000
ID1218,399.5
ID1219,500
ID1220,50000011
ID1221,46
ID1222,1000
ID1223,51
ID1224,24
ID1225,16
ID1226,17
ID1227,4.2
ID1228,14.53
ID1229,280
ID1230,200000000
ID1231,412
ID1232,200000000
ID1233,300
ID1234,66666680.03
ID1235,14
ID1236,280
ID1237,300
ID1238,200000000
ID1239,4
ID1240,1000
ID1241,1000
ID1242,10
ID1243,320
ID1244,10
ID1245,412
ID1246,860
ID1247,6
ID1248,200
ID1249,44
ID1250,13.3
ID1251,0.68
ID1252,2.8
ID1253,48.8
ID1254,2.33
ID1255,26
ID1256,83
ID1257,3.77
ID1258,0.46
ID1259,24.4
ID1260,35
ID1261,5.6
ID1262,87.07
ID1263,36
ID1264,82.1
ID1265,9.12
ID1266,8.37
ID1267,16.21
ID1268,7.1
ID1269,3.8
ID1270,2.32
ID1271,0.56
ID1272,165
ID1273,11.6
ID1274,11.6
ID1275,11.6
ID1276,256
ID1277,11.6
ID1278,65.8
ID1279,549
ID1280,12.4
ID1281,28.3
ID1282,20.85
ID1283,5
ID1284,0.82
ID1285,300
ID1286,50
ID1287,945.5
ID1288,173.3
ID1289,23.07
ID1290,15
ID1291,2
ID1292,43.7
ID1293,2018
ID1294,258
ID1295,66
ID1296,10.8
ID1297,11.3
ID1298,3.1
ID1299,190
ID1300,18.2
ID1301,690
ID1302,57.2
ID1303,10
ID1304,48
ID1305,26.84
ID1306,14.82
ID1307,50.4
ID1308,423
ID1309,19.34
ID1310,52.3
ID1311,64
ID1312,117.6
ID1313,1.3
ID1314,6.25
ID1315,30
ID1316,97
ID1317,2.2
ID1318,2.1
ID1319,16.9
ID1320,2700
ID1321,79.8
ID1322,34.7
ID1323,2470
ID1324,147.3
ID1325,28.7
ID1326,82.4
ID1327,36.68
ID1328,892
ID1329,67
ID1330,1100
ID1331,25.26
ID1332,3.03
ID1333,23.155
ID1334,480
ID1335,66.2
ID1336,25.6
ID1337,10.5
ID1338,95
ID1339,200000000
ID1340,200000000
ID1341,200000000
ID1342,200000000
ID1343,200000000
ID1344,200000000
ID1345,200000000
ID1346,200000000
ID1347,200000000
ID1348,200000000
ID1349,200000000
ID1350,200000000
ID1351,200000000
ID1352,200000000
ID1353,200000000
ID1354,200000000
ID1355,200000000
ID1356,200000000
ID1357,200000000
ID1358,200000000
ID1359,200000000
ID1360,200000000
ID1361,200000000
ID1362,200000000
ID1363,200000000
ID1364,200000000
ID1365,200000000
ID1366,200000000
ID1367,200000000
ID1368,200000000
ID1369,200000000
ID1370,200000000
ID1371,200000000
ID1372,200000000
ID1373,200000000
ID1374,200000000
ID1375,200000000
ID1376,200000000
ID1377,200000000
ID1378,200000000
ID1379,200000000
ID1380,200000000
ID1381,200000000
ID1382,200000000
ID1383,200000000
ID1384,200000000
ID1385,200000000
ID1386,200000000
ID1387,200000000
ID1388,200000000
ID1389,200000000
ID1390,200000000
ID1391,200000000
ID1392,200000000
ID1393,200000000
ID1394,200000000
ID1395,200000000
ID1396,200000000
ID1397,200000000
ID1398,200000000
ID1399,200000000
ID1400,200000000
ID1401,200000000
ID1402,200000000
ID1403,200000000
ID1404,200000000
ID1405,200000000
ID1406,200000000
ID1407,200000000
ID1408,200000000
ID1409,200000000
ID1410,200000000
ID1411,200000000
ID1412,200000000
ID1413,200000000
ID1414,200000000
ID1415,200000000
ID1416,200000000
ID1417,200000000
ID1418,200000000
ID1419,200000000
ID1420,200000000
ID1421,200000000
ID1422,200000000
ID1423,200000000
ID1424,200000000
ID1425,200000000
ID1426,200000000
ID1427,200000000
ID1428,200000000
ID1429,200000000
ID1430,200000000
ID1431,200000000
ID1432,200000000
ID1433,200000000
ID1434,200000000
ID1435,200000000
ID1436,200000000
ID1437,200000000
ID1438,200000000
ID1439,200000000
ID1440,200000000
ID1441,200000000
ID1442,200000000
ID1443,200000000
ID1444,200000000
ID1445,200000000
ID1446,200000000
ID1447,200000000
ID1448,200000000
ID1449,200000000
ID1450,200000000
ID1451,200000000
ID1452,200000000
ID1453,200000000
ID1454,200000000
ID1455,200000000
ID1456,200000000
ID1457,200000000
ID1458,200000000
ID1459,200000000
ID1460,200000000
ID1461,200000000
ID1462,200000000
ID1463,200000000
ID1464,200000000
ID1465,200000000
ID1466,200000000
ID1467,200000000
ID1468,200000000
ID1469,200000000
ID1470,200000000
ID1471,200000000
ID1472,200000000
ID1473,200000000
ID1474,200000000
ID1475,200000000
ID1476,200000000
ID1477,200000000
ID1478,200000000
ID1479,200000000
ID1480,200000000
ID1481,200000000
ID1482,200000000
ID1483,200000000
ID1484,200000000
ID1485,200000000
ID1486,200000000
ID1487,200000000
ID1488,200000000
ID1489,200000000
ID1490,200000000
ID1491,200000000
ID1492,200000000
ID1493,200000000
ID1494,200000000
ID1495,200000000
ID1496,200000000
ID1497,200000000
ID1498,200000000
ID1499,200000000
ID1500,200000000
ID1501,200000000
ID1502,200000000
ID1503,200000000
ID1504,200000000
ID1505,200000000
ID1506,200000000
ID1507,200000000
ID1508,200000000
ID1509,200000000
ID1510,200000000
ID1511,200000000
ID1512,200000000
ID1513,200000000
ID1514,200000000
ID1515,200000000
ID1516,200000000
ID1517,200000000
ID1518,200000000
ID1519,200000000
ID1520,200000000
ID1521,200000000
ID1522,200000000
ID1523,200000000
ID1524,200000000
ID1525,200000000
ID1526,200000000
ID1527,200000000
ID1528,200000000
ID1529,200000000
ID1530,200000000
ID1531,200000000
ID1532,200000000
ID1533,200000000
ID1534,200000000
ID1535,200000000
ID1536,200000000
ID1537,200000000
ID1538,200000000
ID1539,200000000
ID1540,200000000
ID1541,200000000
ID1542,200000000
ID1543,200000000
ID1544,200000000
ID1545,200000000
ID1546,200000000
ID1547,200000000
ID1548,200000000
ID1549,200000000
ID1550,200000000
ID1551,200000000
ID1552,200000000
ID1553,200000000
ID1554,200000000
ID1555,200000000
ID1556,200000000
ID1557,200000000
ID1558,200000000
ID1559,200000000
ID1560,200000000
ID1561,200000000
ID1562,200000000
ID1563,200000000
ID1564,200000000
ID1565,200000000
ID1566,200000000
ID1567,200000000
ID1568,200000000
ID1569,200000000
ID1570,200000000
ID1571,200000000
ID1572,200000000
ID1573,200000000
ID1574,200000000
ID1575,200000000
ID1576,200000000
ID1577,200000000
ID1578,200000000
ID1579,200000000
ID1580,200000000
ID1581,200000000
ID1582,200000000
ID1583,200000000
ID1584,200000000
ID1585,200000000
ID1586,200000000
ID1587,200000000
ID1588,200000000
ID1589,200000000
ID1590,200000000
ID1591,200000000
ID1592,200000000
ID1593,200000000
ID1594,200000000
ID1595,200000000
ID1596,200000000
ID1597,200000000
ID1598,200000000
ID1599,200000000
ID1600,200000000
ID1601,200000000
ID1602,200000000
ID1603,200000000
ID1604,200000000
ID1605,200000000
ID1606,200000000
ID1607,200000000
ID1608,200000000
ID1609,200000000
ID1610,200000000
ID1611,200000000
ID1612,200000000
ID1613,200000000
ID1614,200000000
ID1615,200000000
ID1616,200000000
ID1617,200000000
ID1618,200000000
ID1619,200000000
ID1620,200000000
ID1621,200000000
ID1622,200000000
ID1623,200000000
ID1624,200000000
ID1625,200000000
ID1626,200000000
ID1627,200000000
ID1628,200000000
ID1629,200000000
ID1630,200000000
ID1631,200000000
ID1632,200000000
ID1633,200000000
ID1634,200000000
ID1635,200000000
ID1636,200000000
ID1637,200000000
ID1638,200000000
ID1639,200000000
ID1640,200000000
ID1641,200000000
ID1642,200000000
ID1643,200000000
ID1644,200000000
ID1645,200000000
ID1646,200000000
ID1647,200000000
ID1648,200000000
ID1649,200000000
ID1650,200000000
ID1651,200000000
ID1652,200000000
ID1653,200000000
ID1654,200000000
ID1655,200000000
ID1656,200000000
ID1657,200000000
ID1658,200000000
ID1659,200000000
ID1660,200000000
ID1661,200000000
ID1662,200000000
ID1663,200000000
ID1664,200000000
ID1665,200000000
ID1666,200000000
ID1667,200000000
ID1668,200000000
ID1669,200000000
ID1670,200000000
ID1671,200000000
ID1672,200000000
ID1673,200000000
ID1674,200000000
ID1675,200000000
ID1676,200000000
ID1677,200000000
ID1678,200000000
ID1679,200000000
ID1680,200000000
ID1681,200000000
ID1682,200000000
ID1683,200000000
ID1684,200000000
ID1685,200000000
ID1686,200000000
ID1687,200000000
ID1688,200000000
ID1689,200000000
ID1690,200000000
ID1691,200000000
ID1692,200000000
ID1693,200000000
ID1694,200000000
ID1695,200000000
ID1696,200000000
ID1697,200000000
ID1698,200000000
ID1699,200000000
ID1700,200000000
ID1701,200000000
ID1702,200000000
ID1703,200000000
ID1704,200000000
ID1705,200000000
ID1706,200000000
ID1707,200000000
ID1708,200000000
ID1709,200000000
ID1710,200000000
ID1711,200000000
ID1712,200000000
ID1713,200000000
ID1714,200000000
ID1715,200000000
ID1716,200000000
ID1717,200000000
ID1718,200000000
ID1719,200000000
ID1720,200000000
ID1721,200000000
ID1722,200000000
ID1723,200000000
ID1724,200000000
ID1725,200000000
ID1726,200000000
ID1727,200000000
ID1728,200000000
ID1729,200000000
ID1730,200000000
ID1731,200000000
ID1732,200000000
ID1733,200000000
ID1734,200000000
ID1735,200000000
ID1736,200000000
ID1737,200000000
ID1738,200000000
ID1739,200000000
ID1740,200000000
ID1741,200000000
ID1742,200000000
ID1743,200000000
ID1744,200000000
ID1745,200000000
ID1746,200000000
ID1747,200000000
ID1748,200000000
ID1749,200000000
ID1750,200000000
ID1751,200000000
ID1752,200000000
ID1753,200000000
ID1754,200000000
ID1755,200000000
ID1756,200000000
ID1757,200000000
ID1758,200000000
ID1759,200000000
ID1760,200000000
ID1761,200000000
ID1762,200000000
ID1763,200000000
ID1764,200000000
ID1765,200000000
ID1766,200000000
ID1767,200000000
ID1768,200000000
ID1769,200000000
ID1770,200000000
ID1771,200000000
ID1772,200000000
ID1773,200000000
ID1774,200000000
ID1775,200000000
ID1776,200000000
ID1777,200000000
ID1778,200000000
ID1779,200000000
ID1780,200000000
ID1781,200000000
ID1782,200000000
ID1783,200000000
ID1784,200000000
ID1785,200000000
ID1786,200000000
ID1787,200000000
ID1788,200000000
ID1789,200000000
ID1790,200000000
ID1791,200000000
ID1792,200000000
ID1793,200000000
ID1794,200000000
ID1795,200000000
ID1796,200000000
ID1797,200000000
ID1798,200000000
ID1799,200000000
ID1800,200000000
ID1801,200000000
ID1802,200000000
ID1803,200000000
ID1804,200000000
ID1805,200000000
ID1806,200000000
ID1807,200000000
ID1808,200000000
ID1809,200000000
ID1810,200000000
ID1811,200000000
ID1812,200000000
ID1813,200000000
ID1814,200000000
ID1815,200000000
ID1816,200000000
ID1817,200000000
ID1818,200000000
ID1819,200000000
ID1820,200000000
ID1821,200000000
ID1822,200000000
ID1823,200000000
ID1824,200000000
ID1825,200000000
ID1826,200000000
ID1827,200000000
ID1828,200000000
ID1829,200000000
ID1830,200000000
ID1831,200000000
ID1832,200000000
ID1833,200000000
ID1834,200000000
ID1835,200000000
ID1836,200000000
ID1837,200000000
ID1838,200000000
ID1839,200000000
ID1840,200000000
ID1841,200000000
ID1842,200000000
ID1843,200000000
ID1844,200000000
ID1845,200000000
ID1846,200000000
ID1847,200000000
ID1848,200000000
ID1849,200000000
ID1850,200000000
ID1851,200000000
ID1852,200000000
ID1853,200000000
ID1854,200000000
ID1855,200000000
ID1856,200000000
ID1857,200000000
ID1858,200000000
ID1859,200000000
ID1860,200000000
ID1861,200000000
ID1862,200000000
ID1863,200000000
ID1864,200000000
ID1865,200000000
ID1866,200000000
ID1867,200000000
ID1868,200000000
ID1869,200000000
ID1870,200000000
ID1871,200000000
ID1872,200000000
ID1873,200000000
ID1874,200000000
ID1875,200000000
ID1876,200000000
ID1877,200000000
ID1878,200000000
ID1879,200000000
ID1880,200000000
ID1881,200000000
ID1882,200000000
ID1883,200000000
ID1884,200000000
ID1885,200000000
ID1886,200000000
ID1887,200000000
ID1888,200000000
ID1889,200000000
ID1890,200000000
ID1891,200000000
ID1892,200000000
ID1893,200000000
ID1894,200000000
ID1895,200000000
ID1896,200000000
ID1897,200000000
ID1898,200000000
ID1899,200000000
ID1900,200000000
ID1901,200000000
ID1902,200000000
ID1903,200000000
ID1904,200000000
ID1905,200000000
ID1906,200000000
ID1907,200000000
ID1908,200000000
ID1909,200000000
ID1910,200000000
ID1911,200000000
ID1912,200000000
ID1913,200000000
ID1914,200000000
ID1915,200000000
ID1916,200000000
ID1917,200000000
ID1918,200000000
ID1919,200000000
ID1920,200000000
ID1921,200000000
ID1922,200000000
ID1923,200000000
ID1924,200000000
ID1925,200000000
ID1926,200000000
ID1927,200000000
ID1928,200000000
ID1929,200000000
ID1930,200000000
ID1931,200000000
ID1932,200000000
ID1933,200000000
ID1934,200000000
ID1935,200000000
ID1936,200000000
ID1937,200000000
ID1938,200000000
ID1939,200000000
ID1940,200000000
ID1941,200000000
ID1942,200000000
ID1943,200000000
ID1944,200000000
ID1945,200000000
ID1946,200000000
ID1947,200000000
ID1948,200000000
ID1949,200000000
ID1950,200000000
ID1951,200000000
ID1952,200000000
ID1953,200000000
ID1954,200000000
ID1955,200000000
ID1956,200000000
ID1957,200000000
ID1958,200000000
ID1959,200000000
ID1960,200000000
ID1961,200000000
ID1962,200000000
ID1963,200000000
ID1964,200000000
ID1965,200000000
ID1966,200000000
ID1967,200000000
ID1968,200000000
ID1969,200000000
ID1970,200000000
ID1971,200000000
ID1972,200000000
ID1973,200000000
ID1974,200000000
ID1975,200000000
ID1976,200000000
ID1977,200000000
ID1978,200000000
ID1979,200000000
ID1980,200000000
ID1981,200000000
ID1982,200000000
ID1983,200000000
ID1984,200000000
ID1985,200000000
ID1986,200000000
ID1987,200000000
ID1988,200000000
ID1989,200000000
ID1990,200000000
ID1991,200000000
ID1992,200000000
ID1993,200000000
ID1994,200000000
ID1995,200000000
ID1996,200000000
ID1997,200000000
ID1998,200000000
ID1999,200000000
ID2000,200000000
ID2001,200000000
ID2002,200000000
ID2003,200000000
ID2004,200000000
ID2005,200000000
ID2006,200000000
ID2007,200000000
ID2008,200000000
ID2009,200000000
ID2010,200000000
ID2011,200000000
ID2012,200000000
ID2013,200000000
ID2014,200000000
ID2015,200000000
ID2016,200000000
ID2017,200000000
ID2018,200000000
ID2019,200000000
ID2020,200000000
ID2021,200000000
ID2022,200000000
ID2023,200000000
ID2024,200000000
ID2025,200000000
ID2026,200000000
ID2027,200000000
ID2028,200000000
ID2029,200000000
ID2030,200000000
ID2031,200000000
ID2032,200000000
ID2033,200000000
ID2034,200000000
ID2035,200000000
ID2036,200000000
ID2037,200000000
ID2038,200000000
ID2039,200000000
ID2040,200000000
ID2041,200000000
ID2042,200000000
ID2043,200000000
ID2044,200000000
ID2045,200000000
ID2046,200000000
ID2047,200000000
ID2048,200000000
ID2049,200000000
ID2050,200000000
ID2051,200000000
ID2052,200000000
ID2053,200000000
ID2054,200000000
ID2055,200000000
ID2056,200000000
ID2057,200000000
ID2058,200000000
ID2059,200000000
ID2060,200000000
ID2061,200000000
ID2062,200000000
ID2063,200000000
ID2064,200000000
ID2065,200000000
ID2066,200000000
ID2067,200000000
ID2068,200000000
ID2069,200000000
ID2070,200000000
ID2071,200000000
ID2072,200000000
ID2073,200000000
ID2074,200000000
ID2075,200000000
ID2076,200000000
ID2077,200000000
ID2078,200000000
ID2079,200000000
ID2080,200000000
ID2081,200000000
ID2082,200000000
ID2083,200000000
ID2084,200000000
ID2085,200000000
ID2086,200000000
ID2087,200000000
ID2088,200000000
ID2089,200000000
ID2090,200000000
ID2091,200000000
ID2092,200000000
ID2093,200000000
ID2094,200000000
ID2095,200000000
ID2096,200000000
ID2097,200000000
ID2098,200000000
ID2099,200000000
ID2100,200000000
ID2101,200000000
ID2102,200000000
ID2103,200000000
ID2104,200000000
ID2105,200000000
ID2106,200000000
ID2107,200000000
ID2108,200000000
ID2109,200000000
ID2110,200000000
ID2111,200000000
ID2112,200000000
ID2113,200000000
ID2114,200000000
ID2115,200000000
ID2116,200000000
ID2117,200000000
ID2118,200000000
ID2119,200000000
ID2120,200000000
ID2121,200000000
ID2122,200000000
ID2123,200000000
ID2124,200000000
ID2125,200000000
ID2126,200000000
ID2127,200000000
ID2128,200000000
ID2129,200000000
ID2130,200000000
ID2131,200000000
ID2132,200000000
ID2133,200000000
ID2134,200000000
ID2135,200000000
ID2136,200000000
ID2137,200000000
ID2138,200000000
ID2139,200000000
ID2140,200000000
ID2141,200000000
ID2142,200000000
ID2143,200000000
ID2144,200000000
ID2145,200000000
ID2146,200000000
ID2147,200000000
ID2148,200000000
ID2149,200000000
ID2150,200000000
ID2151,200000000
ID2152,200000000
ID2153,200000000
ID2154,200000000
ID2155,200000000
ID2156,200000000
ID2157,200000000
ID2158,200000000
ID2159,200000000
ID2160,200000000
ID2161,200000000
ID2162,200000000
ID2163,200000000
ID2164,200000000
ID2165,200000000
ID2166,200000000
ID2167,200000000
ID2168,200000000
ID2169,200000000
ID2170,200000000
ID2171,200000000
ID2172,200000000
ID2173,200000000
ID2174,200000000
ID2175,200000000
ID2176,200000000
ID2177,200000000
ID2178,200000000
ID2179,200000000
ID2180,200000000
ID2181,200000000
ID2182,200000000
ID2183,200000000
ID2184,200000000
ID2185,200000000
ID2186,200000000
ID2187,200000000
ID2188,200000000
ID2189,200000000
ID2190,200000000
ID2191,200000000
ID2192,200000000
ID2193,200000000
ID2194,200000000
ID2195,200000000
ID2196,200000000
ID2197,200000000
ID2198,200000000
ID2199,200000000
ID2200,200000000
ID2201,200000000
ID2202,200000000
ID2203,200000000
ID2204,200000000
ID2205,200000000
ID2206,200000000
ID2207,200000000
ID2208,200000000
ID2209,200000000
ID2210,12.68
ID2211,20
ID2212,20
ID2213,20
ID2214,20
ID2215,20
ID2216,20
ID2217,1
ID2218,20
ID2219,20
ID2220,20
ID2221,20
ID2222,20
ID2223,20
ID2224,20
ID2225,20
ID2226,20
ID2227,20
ID2228,20
ID2229,20
ID2230,20
ID2231,20
ID2232,20
ID2233,20
ID2234,20
ID2235,20
ID2236,20
ID2237,20
ID2238,20
ID2239,20
ID2240,20
ID2241,20
ID2242,20
ID2243,20
ID2244,20
ID2245,20
ID2246,20
ID2247,20
ID2248,20
ID2249,20
ID2250,20
ID2251,20
ID2252,3.2
ID2253,20
ID2254,20
ID2255,20
ID2256,20
ID2257,20
ID2258,20
ID2259,20
ID2260,20
ID2261,20
ID2262,20
ID2263,20
ID2264,20
ID2265,8.3
ID2266,31.8
ID2267,20
ID2268,20
ID2269,20
ID2270,9.95
ID2271,11.3
ID2272,10.5
ID2273,20
ID2274,20
ID2275,20
ID2276,20
ID2277,20
ID2278,20
ID2279,20
ID2280,20
ID2281,20
ID2282,20
ID2283,20
ID2284,20
ID2285,20
ID2286,20
ID2287,20
ID2288,20
ID2289,20
ID2290,20
ID2291,20
ID2292,20
ID2293,16.953
ID2294,20
ID2295,20
ID2296,20
ID2297,20
ID2298,20
ID2299,20
ID2300,20
ID2301,20
ID2302,20
ID2303,20
ID2304,20
ID2305,20
ID2306,20
ID2307,20
ID2308,20
ID2309,20
ID2310,20
ID2311,20
ID2312,20
ID2313,20
ID2314,20
ID2315,14.28475
ID2316,20
ID2317,20
ID2318,20
ID2319,20
ID2320,20
ID2321,20
ID2322,20
ID2323,20
ID2324,20
ID2325,20
ID2326,20
ID2327,20
ID2328,20
ID2329,20
ID2330,20
ID2331,20
ID2332,20
ID2333,20
ID2334,20
ID2335,20
ID2336,20
ID2337,20
ID2338,20
ID2339,20
ID2340,20
ID2341,20
ID2342,20
ID2343,20
ID2344,20
ID2345,20
ID2346,20
ID2347,20
ID2348,20
ID2349,20
ID2350,20
ID2351,20
ID2352,20
ID2353,20
ID2354,20
ID2355,20
ID2356,20
ID2357,20
ID2358,20
ID2359,20
ID2360,20
ID2361,20
ID2362,20
ID2363,20
ID2364,20
ID2365,20
ID2366,20
ID2367,20
ID2368,20
ID2369,20
ID2370,20
ID2371,20
ID2372,20
ID2373,20
ID2374,20
ID2375,20
ID2376,20
ID2377,20
ID2378,20
ID2379,20
ID2380,20
ID2381,20
ID2382,20
ID2383,20
ID2384,20
ID2385,20
ID2386,20
ID2387,20
ID2388,20
ID2389,20
ID2390,20
ID2391,20
ID2392,20
ID2393,20
ID2394,20
ID2395,20
ID2396,20
ID2397,20
ID2398,20
ID2399,20
ID2400,20
ID2401,20
ID2402,20
ID2403,20
ID2404,20
ID2405,20
ID2406,20
ID2407,20
ID2408,20
ID2409,20
ID2410,20
ID2411,20
ID2412,20
ID2413,20
ID2414,20
ID2415,20
ID2416,20
ID2417,20
ID2418,20
ID2419,20
ID2420,20
ID2421,20
ID2422,20
ID2423,20
ID2424,20
ID2425,20
ID2426,20
ID2427,20
ID2428,20
ID2429,20
ID2430,20
ID2431,20
ID2432,20
ID2433,20
ID2434,20
ID2435,20
ID2436,20
ID2437,4
ID2438,93
ID2439,21
ID2440,25
ID2441,346
ID2442,600
ID2443,450
ID2444,83280
ID2445,11820
ID2446,38760
ID2447,25020
ID2448,9240
ID2449,33540
ID2450,4788
ID2451,35651.6129
ID2452,241380
ID2453,20142
ID2454,5760
ID2455,561600
ID2456,16200
